{"cameraMode":{"drawMode":0,"name":"Shaded","section":"Shading Mode"},"sceneLighting":true,"audioPlay":false,"sceneViewState":{"m_AlwaysRefresh":false,"showFog":true,"showSkybox":true,"showFlares":true,"showImageEffects":true,"showParticleSystems":true,"showVisualEffectGraphs":true,"m_FxEnabled":true},"in2DMode":false,"pivot":{"x":630.4284057617188,"y":1614.0255126953125,"z":27.750089645385743},"rotation":{"x":-0.048289794474840167,"y":-0.006894225720316172,"z":0.00033307753619737923,"w":-0.9988130927085877},"size":614.5438842773438,"orthographic":false}